Workbook

Sheet Defect Log
A1: Sl No | B1: Submitted By | C1: Submitted Date | D1: Description | E1: Detected Sprint | F1: Assigned To | G1: Type Of Defect | H1: Action Taken | I1: Action Taken Date | J1: Status(Open/Closed)
A2: 1 | C2: 46227 | D2: Registration accepts a duplicate email address and creates a second candidate account instead of showing an 'already registered' error. | E2: Sprint 1 | G2: Data/Database | H2: Added a unique constraint on email and a duplicate check in the registration route. | I2: 46230 | J2: Closed
A3: 2 | C3: 46230 | D3: Webcam photo capture fails silently when the browser camera permission is denied; no message is shown to the candidate at registration. | E3: Sprint 1 | G3: UI/UX | H3: Added camera-permission error handling with a clear on-screen message and a retry option. | I3: 46231 | J3: Closed
A4: 3 | C4: 46231 | D4: Candidate passwords are stored in plain text in the candidates table; hashing and salting are missing. | E4: Sprint 1 | G4: Security | H4: Switched to hashed and salted passwords; test accounts re-created. | I4: 46232 | J4: Closed
A5: 4 | C5: 46232 | D5: A session can move directly from Not Started to Submitted, bypassing the Active state. | E5: Sprint 1 | G5: Functional | H5: Added state-transition validation so only allowed transitions are accepted. | I5: 46234 | J5: Closed
A6: 5 | C6: 46233 | D6: Pausing an exam does not stop the exam timer, so paused time is counted against the candidate. | E6: Sprint 1 | G6: Functional | H6: Timer now stops on pause and resumes from the remaining time. | I6: 46237 | J6: Closed
A7: 6 | C7: 46234 | D7: Faker data generator produces some sessions whose end time is earlier than the start time. | E7: Sprint 1 | G7: Data/Database | H7: Fixed generator so end time is always start time plus a random duration. | I7: 46237 | J7: Closed
A8: 7 | C8: 46240 | D8: Haar Cascade does not detect the candidate's face in low light, causing false face-absent intervals to be logged. | E8: Sprint 2 | G8: Functional | H8: Added histogram equalisation before detection and tuned minNeighbors. | I8: 46244 | J8: Closed
A9: 8 | C9: 46241 | D9: Face-absent interval is left open (no end timestamp) when the candidate submits the exam while the face is not detected. | E9: Sprint 2 | G9: Data/Database | H9: Open face-absent interval is now closed at submission time. | I9: 46244 | J9: Closed
A10: 9 | C10: 46244 | D10: Face detection causes noticeable webcam frame lag on low-spec laptops during a live session. | E10: Sprint 2 | G10: Performance | H10: Reduced frame size and processed every third frame. | I10: 46246 | J10: Closed
A11: 10 | C11: 46245 | D11: A single tab switch is logged twice because both the blur and visibilitychange events are recorded. | E11: Sprint 2 | G11: Functional | H11: Merged blur and visibilitychange events and ignored duplicates within 1 second. | I11: 46246 | J11: Closed
A12: 11 | C12: 46245 | D12: Browser events are stored with client local time while face events use server time, so the event timeline is out of order. | E12: Sprint 2 | G12: Data/Database | H12: All events now stored with server-side UTC timestamps. | I12: 46247 | J12: Closed
A13: 12 | C13: 46246 | D13: Event logging API returns a 500 error instead of a validation error when the session ID is missing from the payload. | E13: Sprint 2 | G13: Integration | H13: Added payload validation that returns a 400 error with a message. | I13: 46247 | J13: Closed
... A28: 27 | C28: 46273 | D28: JSON export leaves out cluster assignments for sessions that have no cluster label instead of showing null. | E28: Sprint 4 | G28: Functional | H28: Cluster field is now exported as null when unassigned. | I28: 46274 | J28: Closed
A29: 28 | C29: 46275 | D29: Dashboard analytics charts overflow the screen on small displays and tablets. | E29: Sprint 4 | G29: Compatibility | J29: Open
A30: 29 | C30: 46276 | D30: User manual has no steps for configuring the LLM API key needed for the AI report agent. | E30: Sprint 4 | G30: Documentation | J30: Open

Sheet Summary & Legend
A1: Online Exam Monitoring & Integrity Analytics Platform: Defect Summary
A2: Counts update automatically from the 'Defect Log' sheet.
A4: Detected Sprint | B4: Total Defects | C4: Open | D4: Closed | E4: % Closed | F4: Sprint Dates
A5: Sprint 1 | B5: =COUNTIF('Defect Log'!$E$2:$E$45,A5) -> 6 | C5: =COUNTIFS('Defect Log'!$E$2:$E$45,A5,'Defect Log'!$J$2:$J$45,"Open") -> 0 | D5: =COUNTIFS('Defect Log'!$E$2:$E$45,A5,'Defect Log'!$J$2:$J$45,"Closed") -> 6 | E5: =IF(B5=0,0,D5/B5) -> 1 | F5: 21-Jul-2026 to 03-Aug-2026
A6: Sprint 2 | B6: =COUNTIF('Defect Log'!$E$2:$E$45,A6) -> 8 | C6: =COUNTIFS('Defect Log'!$E$2:$E$45,A6,'Defect Log'!$J$2:$J$45,"Open") -> 0 | D6: =COUNTIFS('Defect Log'!$E$2:$E$45,A6,'Defect Log'!$J$2:$J$45,"Closed") -> 8 | E6: =IF(B6=0,0,D6/B6) -> 1 | F6: 04-Aug-2026 to 17-Aug-2026
A7: Sprint 3 | B7: =COUNTIF('Defect Log'!$E$2:$E$45,A7) -> 9 | C7: =COUNTIFS('Defect Log'!$E$2:$E$45,A7,'Defect Log'!$J$2:$J$45,"Open") -> 0 | D7: =COUNTIFS('Defect Log'!$E$2:$E$45,A7,'Defect Log'!$J$2:$J$45,"Closed") -> 9 | E7: =IF(B7=0,0,D7/B7) -> 1 | F7: 18-Aug-2026 to 31-Aug-2026
A8: Sprint 4 | B8: =COUNTIF('Defect Log'!$E$2:$E$45,A8) -> 6 | C8: =COUNTIFS('Defect Log'!$E$2:$E$45,A8,'Defect Log'!$J$2:$J$45,"Open") -> 2 | D8: =COUNTIFS('Defect Log'!$E$2:$E$45,A8,'Defect Log'!$J$2:$J$45,"Closed") -> 4 | E8: =IF(B8=0,0,D8/B8) -> 0.66666667 | F8: 01-Sep-2026 to 14-Sep-2026
A9: Total | B9: =SUM(B5:B8) -> 29 | C9: =SUM(C5:C8) -> 2 | D9: =SUM(D5:D8) -> 27 | E9: =IF(B9=0,0,D9/B9) -> 0.93103448
A11: Defects by Type
A12: Type Of Defect | B12: Count
A13: Functional | B13: =COUNTIF('Defect Log'!$G$2:$G$45,A13) -> 8
A14: UI/UX | B14: =COUNTIF('Defect Log'!$G$2:$G$45,A14) -> 2
A15: Performance | B15: =COUNTIF('Defect Log'!$G$2:$G$45,A15) -> 2
A16: Security | B16: =COUNTIF('Defect Log'!$G$2:$G$45,A16) -> 2
A17: Data/Database | B17: =COUNTIF('Defect Log'!$G$2:$G$45,A17) -> 6
A18: Integration | B18: =COUNTIF('Defect Log'!$G$2:$G$45,A18) -> 2
A19: Logic/Calculation | B19: =COUNTIF('Defect Log'!$G$2:$G$45,A19) -> 5
A20: Compatibility | B20: =COUNTIF('Defect Log'!$G$2:$G$45,A20) -> 1
A21: Documentation | B21: =COUNTIF('Defect Log'!$G$2:$G$45,A21) -> 1
A23: How to use / Assumptions
A24: 1. The 29 entries in the Defect Log are sample defects written from the modules and test scenarios in the project description. Dates assume the project started on 21-Jul-2026, with 2-week sprints (dates shown in the table above). Replace or delete the samples and log real defects as they are found.
A25: 2. Submitted By and Assigned To are left blank because team member names are not known. Two Sprint 4 defects (Sl No 28 and 29) are left Open with no action yet, to show a mix of statuses.
A26: 3. Update Status to Closed once the fix is verified. New rows can be added in the spare formatted rows at the bottom of the log.
A27: 4. Detected Sprint uses the same Sprint 1 to Sprint 4 numbering as the Agile backlog (2-week sprints over 8 weeks).
A28: 5. Type Of Defect values: Functional, UI/UX, Performance, Security, Data/Database, Integration, Logic/Calculation, Compatibility, Documentation.
